B0,B1,B2,Label
-70,-82,-83,13
-65,-80,-79,2
-68,-78,-81,10
-77,-81,-58,14
-67,-80,-81,10
-70,-77,-76,11
-64,-81,-77,2
-69,-74,-68,3
-56,-82,-79,10
-51,-67,-77,4
-62,-60,-74,15
-70,-70,-77,13
-74,-73,-72,14
-55,-82,-69,16
-75,-75,-76,12
-77,-77,-66,15
-59,-73,-79,14
-69,-86,-78,13
-73,-73,-79,14
-55,-77,-81,9
-55,-60,-57,8
-74,-80,-82,14
-67,-74,-79,11
-71,-65,-75,4
-67,-85,-81,11
-49,-75,-80,2
-79,-78,-64,15
-71,-73,-69,8
-72,-75,-80,15
-70,-74,-71,8
-83,-72,-68,15
-66,-65,-79,3
-72,-74,-66,15
-61,-79,-76,13
-37,-85,-79,9
-64,-67,-82,4
-39,-90,-79,5
-53,-76,-79,9
-69,-73,-76,13
-66,-64,-80,4
-72,-83,-79,7
-72,-72,-83,7
-65,-73,-80,1
-80,-71,-73,15
-68,-71,-62,16
-63,-75,-62,2
-70,-81,-75,11
-70,-51,-71,8
-66,-67,-79,15
-71,-56,-71,7
-50,-76,-79,5
-74,-68,-70,14
-63,-69,-76,4
-68,-71,-82,6
-82,-71,-75,12
-75,-77,-75,11
-49,-78,-62,11
-53,-75,-81,9
-52,-79,-85,5
-69,-67,-64,4
-71,-76,-83,7
-68,-82,-68,10
-70,-73,-80,7
-84,-54,-73,12
-51,-73,-66,9
-55,-67,-81,4
-62,-75,-77,2
-52,-89,-89,5
-43,-83,-80,1
-71,-56,-80,3
-51,-78,-77,5
-70,-63,-64,13
-59,-74,-69,1
-65,-67,-65,4
-48,-78,-63,2
-78,-67,-71,8
-73,-87,-61,16
-67,-56,-81,3
-69,-73,-81,13
-69,-68,-81,15
-71,-81,-81,7
-68,-82,-64,10
-52,-87,-74,5
-69,-71,-74,15
-71,-71,-78,13
-64,-70,-62,4
-53,-66,-81,4
-54,-66,-80,9
-54,-80,-75,9
-69,-72,-63,16
-72,-80,-73,10
-71,-66,-71,8
-71,-73,-78,13
-59,-91,-80,1
-54,-75,-76,13
-65,-74,-78,6
-73,-56,-70,14
-40,-77,-83,9
-83,-70,-71,12
-59,-77,-78,14
-66,-65,-82,4
-52,-74,-65,6
-64,-80,-62,2
-53,-86,-80,9
-78,-59,-65,15
-65,-67,-76,4
-64,-76,-80,1
-52,-67,-78,5
-64,-79,-76,2
-80,-81,-58,12
-69,-67,-78,4
-57,-67,-62,16
-41,-78,-85,5
-74,-81,-69,7
-49,-61,-62,2
-61,-71,-62,16
-69,-51,-81,4
-67,-66,-71,8
-55,-57,-90,7
-76,-73,-81,7
-62,-70,-81,2
-66,-78,-80,10
-49,-78,-76,11
-52,-79,-80,5
-71,-72,-62,16
-48,-80,-83,1
-50,-85,-76,11
-71,-73,-83,7
-81,-80,-57,12
-60,-92,-63,14
-64,-75,-77,2
-64,-75,-78,2
-36,-78,-91,5
-74,-81,-82,7
-72,-59,-68,13
-69,-76,-77,11
-70,-57,-81,7
-71,-65,-62,16
-69,-77,-82,11
-77,-64,-79,14
-61,-74,-66,1
-73,-71,-81,3
-70,-72,-56,8
-62,-77,-74,15
-69,-71,-79,15
-66,-61,-65,16
-80,-74,-80,14
-63,-75,-77,2
-55,-82,-75,13
-64,-74,-80,1
-56,-64,-84,10
-50,-70,-79,5
-67,-72,-64,16
-66,-59,-84,6
-44,-74,-69,1
-75,-73,-75,14
-63,-67,-83,4
-69,-66,-80,4
-57,-77,-81,1
-75,-81,-76,12
-77,-73,-79,14
-52,-67,-79,5
-43,-82,-87,1
-55,-80,-84,7
-69,-72,-81,13
-64,-53,-79,4
-89,-70,-71,12
-71,-73,-62,16
-79,-90,-73,14
-49,-75,-77,2
-64,-80,-79,1
-55,-73,-88,7
-83,-90,-75,12
-52,-74,-84,6
-52,-79,-86,5
-54,-63,-62,9
-76,-76,-81,10
-71,-74,-71,8
-70,-67,-80,4
-81,-82,-76,12
-69,-72,-62,13
-71,-70,-80,7
-84,-78,-80,15
-74,-74,-76,12
-70,-77,-79,10
-70,-70,-47,16
-65,-76,-67,2
-68,-64,-79,13
-54,-61,-82,9
-62,-56,-76,12
-65,-74,-60,11
-55,-86,-68,9
-67,-72,-64,16
-78,-72,-72,12
-70,-60,-79,4
-70,-72,-80,13
-70,-77,-78,15
-71,-87,-80,3
-50,-62,-77,5
-72,-71,-74,7
-67,-64,-76,11
-55,-63,-75,9
-69,-59,-79,13
-56,-79,-83,10
-39,-80,-80,9
-54,-81,-82,9
-71,-85,-57,16
-65,-78,-75,2
-85,-66,-76,12
-65,-67,-82,10
-70,-90,-78,13
-74,-87,-76,12
-67,-76,-78,11
-70,-73,-84,7
-65,-76,-80,2
-67,-79,-77,11
-81,-83,-74,12
-55,-71,-82,7
-64,-68,-76,4
-69,-82,-76,13
-77,-81,-62,14
-66,-75,-69,6
-76,-82,-60,12
-68,-73,-61,16
-70,-70,-47,16
-77,-69,-79,10
-61,-65,-80,3
-76,-63,-77,10
-58,-61,-80,1
-58,-70,-79,1
-53,-59,-81,6
-70,-76,-83,8
-63,-64,-78,2
-67,-74,-83,6
-70,-67,-78,8
-48,-79,-77,2
-69,-63,-76,13
-70,-73,-86,7
-71,-54,-90,8
-64,-83,-69,2
-65,-78,-77,2
-79,-77,-78,10
-72,-66,-66,3
-75,-68,-75,12
-71,-65,-71,8
-68,-77,-83,6
-68,-70,-77,11
-50,-66,-65,3
-69,-66,-76,4
-51,-66,-62,4
-62,-79,-79,2
-54,-63,-80,9
-79,-80,-72,14
-70,-73,-64,16
-79,-65,-61,8
-70,-76,-89,8
-55,-76,-83,9
-54,-77,-82,9
-70,-79,-85,15
-60,-56,-70,7
-47,-98,-68,1
-59,-75,-85,1
-71,-86,-64,13
-69,-69,-75,4
-53,-80,-80,9
-52,-78,-85,5
-64,-61,-88,10
-51,-67,-64,3
-82,-78,-67,15
-84,-71,-72,12
-67,-64,-79,15
-51,-74,-79,5
-75,-78,-74,10
-71,-71,-88,7
-68,-74,-85,6
-78,-72,-79,14
-71,-74,-76,13
-74,-72,-62,16
-75,-65,-79,14
-67,-70,-83,3
-51,-72,-79,3
-71,-78,-79,15
-84,-81,-73,10
-73,-75,-64,16
-67,-74,-81,11
-70,-90,-80,10
-46,-82,-80,1
-64,-69,-75,4
-51,-78,-80,5
-55,-73,-79,15
-75,-56,-87,7
-71,-81,-89,10
-82,-69,-74,8
-59,-96,-79,1
-64,-71,-64,16
-80,-70,-76,12
-69,-71,-79,4
-68,-75,-69,6
-71,-76,-86,3
-52,-79,-77,5
-77,-73,-79,15
-75,-61,-77,15
-63,-70,-85,8
-63,-78,-81,10
-67,-71,-65,3
-81,-55,-56,8
-51,-78,-79,5
-67,-63,-78,13
-53,-79,-77,5
-52,-74,-83,6
-73,-76,-79,3
-67,-72,-81,6
-71,-73,-62,16
-86,-55,-77,12
-55,-72,-82,7
-65,-65,-79,2
-84,-63,-71,14
-66,-72,-70,6
-42,-87,-84,5
-69,-72,-62,16
-52,-72,-87,5
-58,-58,-63,3
-64,-64,-77,2
-62,-75,-79,2
-69,-66,-83,7
-70,-72,-79,7
-42,-79,-82,9
-77,-61,-72,15
-75,-81,-76,12
-56,-84,-77,9
-67,-71,-78,3
-55,-81,-81,9
-73,-78,-57,14
-55,-66,-77,4
-47,-79,-76,2
-70,-71,-71,7
-71,-57,-66,16
-65,-75,-78,2
-56,-64,-76,9
-38,-83,-63,9
-51,-68,-63,3
-73,-81,-71,14
-71,-82,-76,7
-49,-63,-79,10
-67,-66,-80,3
-67,-77,-80,11
-76,-56,-76,12
-78,-86,-75,12
-70,-87,-78,13
-61,-61,-76,2
-72,-81,-61,14
-73,-58,-86,7
-65,-75,-69,6
-78,-79,-85,10
-82,-72,-80,15
-51,-78,-79,5
-78,-53,-83,8
-67,-74,-80,3
-68,-67,-79,4
-70,-64,-83,8
-69,-78,-80,10
-52,-86,-66,5
-59,-72,-65,14
-47,-78,-78,5
-75,-88,-75,12
-65,-76,-79,1
-85,-71,-58,12
-66,-51,-82,4
-59,-68,-77,4
-77,-75,-65,15
-72,-71,-86,3
-70,-82,-64,16
-44,-74,-82,1
-69,-67,-62,16
-72,-76,-71,8
-75,-71,-89,7
-71,-86,-74,13
-55,-83,-81,9
-68,-76,-69,6
-67,-74,-60,11
-47,-61,-78,2
-81,-67,-84,8
-72,-89,-83,14
-71,-51,-82,4
-67,-75,-61,16
-72,-80,-61,16
-65,-81,-76,2
-69,-83,-78,13
-54,-74,-77,13
-66,-72,-84,6
-57,-80,-81,1
-65,-74,-66,6
-53,-79,-83,9
-63,-77,-54,16
-72,-74,-58,16
-41,-80,-90,5
-57,-78,-80,10
-70,-81,-79,13
-84,-79,-79,10
-52,-78,-75,5
-77,-85,-78,14
-45,-85,-62,5
-75,-85,-76,12
-68,-66,-82,10
-75,-71,-76,12
-69,-82,-72,7
-54,-81,-79,9
-52,-77,-93,5
-76,-69,-72,12
-70,-85,-74,13
-38,-86,-68,9
-66,-75,-78,2
-66,-78,-66,2
-71,-76,-64,3
-73,-73,-71,14
-70,-51,-72,8
-69,-66,-83,4
-72,-71,-95,3
-80,-68,-84,8
-43,-84,-78,1
-55,-76,-81,9
-69,-68,-67,11
-52,-77,-78,5
-65,-78,-75,2
-72,-80,-78,13
-66,-77,-79,11
-61,-65,-81,13
-65,-79,-76,11
-61,-77,-76,2
-70,-72,-77,13
-64,-79,-77,11
-62,-74,-76,2
-68,-78,-75,11
-77,-77,-73,15
-86,-91,-61,12
-69,-72,-79,3
-53,-83,-63,9
-72,-70,-70,3
-63,-54,-76,4
-83,-77,-77,14
-70,-82,-85,15
-76,-78,-73,15
-74,-88,-75,12
-69,-73,-61,16
-55,-62,-63,9
-64,-64,-86,10
-65,-60,-76,11
-64,-68,-82,4
-22,-78,-79,5
-65,-67,-77,4
-38,-79,-83,9
-42,-82,-67,9
-56,-77,-80,10
-50,-78,-79,5
-70,-80,-80,10
-51,-66,-62,4
-64,-93,-82,1
-69,-78,-78,15
-64,-79,-78,2
-66,-64,-81,4
-71,-71,-78,13
-65,-76,-73,10
-64,-65,-77,4
-63,-87,-76,2
-83,-93,-77,12
-73,-74,-67,15
-64,-77,-63,2
-38,-76,-66,9
-53,-83,-77,9
-83,-81,-71,12
-72,-69,-86,3
-70,-71,-62,16
-74,-72,-79,13
-65,-81,-79,2
-70,-55,-78,7
-63,-81,-75,2
-69,-67,-72,8
-66,-73,-80,6
-68,-72,-58,16
-84,-72,-79,15
-58,-79,-88,1
-67,-71,-79,3
-67,-73,-79,3
-65,-78,-75,11
-64,-78,-60,11
-73,-73,-71,15
-70,-55,-71,8
-52,-65,-76,9
-76,-74,-79,15
-71,-60,-77,13
-66,-67,-81,10
-70,-66,-77,4
-65,-75,-80,6
-61,-75,-80,1
-64,-69,-61,16
-44,-73,-81,1
-80,-51,-92,8
-53,-74,-80,6
-56,-76,-81,10
-87,-71,-58,15
-52,-86,-80,5
-46,-62,-65,5
-64,-72,-81,6
-74,-81,-71,10
-76,-79,-83,10
-51,-52,-80,3
-79,-86,-75,12
-52,-62,-57,15
-49,-72,-84,6
-65,-65,-81,4
-70,-84,-62,16
-75,-79,-79,14
-67,-75,-63,16
-69,-72,-82,7
-77,-80,-79,10
-72,-77,-69,15
-46,-62,-84,5
-59,-87,-83,1
-86,-73,-65,14
-71,-77,-69,15
-57,-72,-79,13
-55,-82,-78,9
-66,-74,-79,6
-70,-66,-77,4
-71,-73,-61,16
-68,-60,-81,3
-65,-77,-78,2
-72,-58,-86,3
-53,-69,-69,4
-59,-85,-79,1
-64,-66,-61,4
-48,-80,-80,9
-83,-72,-78,14
-63,-60,-63,2
-71,-77,-84,13
-52,-87,-91,5
-52,-75,-86,6
-65,-75,-78,2
-71,-75,-80,3
-52,-78,-91,5
-55,-80,-89,7
-64,-62,-77,2
-68,-72,-85,6
-51,-84,-87,5
-63,-77,-76,2
-71,-75,-66,15
-64,-70,-75,4
-71,-57,-95,3
-65,-80,-78,11
-67,-76,-79,3
-71,-75,-75,11
-53,-78,-64,16
-69,-72,-82,7
-68,-76,-64,16
-66,-77,-60,2
-68,-76,-82,10
-71,-71,-81,7
-66,-67,-61,4
-71,-74,-76,13
-74,-80,-78,10
-71,-65,-79,11
-79,-81,-84,10
-63,-79,-75,2
-65,-81,-80,1
-64,-78,-63,2
-71,-72,-79,13
-72,-78,-82,10
-67,-71,-81,3
-65,-75,-84,6
-35,-83,-77,5
-68,-72,-83,6
-68,-76,-78,13
-66,-66,-87,4
-71,-80,-85,10
-64,-84,-65,13
-68,-71,-72,12
-58,-57,-82,7
-52,-76,-82,13
-68,-72,-81,6
-73,-70,-62,12
-71,-57,-78,3
-52,-89,-89,5
-76,-71,-80,13
-72,-70,-85,7
-76,-74,-65,14
-70,-78,-78,15
-52,-78,-73,5
-56,-77,-80,9
-71,-76,-75,11
-78,-82,-80,14
-77,-77,-88,10
-73,-65,-72,14
-66,-75,-77,2
-70,-72,-77,13
-55,-76,-77,11
-53,-80,-79,9
-56,-54,-72,4
-68,-72,-79,6
-69,-75,-82,3
-60,-83,-79,13
-62,-79,-73,10
-67,-52,-60,16
-76,-81,-81,10
-71,-73,-83,7
-76,-71,-79,13
-70,-80,-75,10
-65,-80,-76,11
-73,-84,-84,13
-71,-75,-82,3
-72,-75,-79,3
-64,-64,-62,2
-74,-72,-69,14
-54,-69,-81,4
-73,-72,-76,13
-84,-71,-72,12
-64,-65,-68,4
-57,-92,-77,1
-70,-55,-85,7
-51,-80,-78,5
-63,-70,-62,16
-72,-82,-72,14
-64,-74,-64,16
-71,-54,-94,8
-52,-80,-90,5
-68,-50,-92,8
-43,-95,-65,1
-52,-57,-82,6
-48,-87,-79,2
-71,-75,-77,3
-51,-62,-89,5
-67,-78,-77,11
-78,-76,-80,10
-60,-94,-79,9
-48,-77,-81,2
-70,-74,-79,3
-57,-94,-86,1
-73,-58,-80,14
-71,-71,-90,7
-71,-72,-81,7
-70,-69,-85,7
-67,-60,-80,6
-69,-74,-80,13
-72,-72,-80,15
-69,-77,-57,15
-71,-80,-81,7
-72,-76,-79,3
-70,-54,-92,8
-55,-61,-71,8
-79,-84,-74,12
-72,-74,-71,14
-70,-64,-82,10
-65,-98,-68,1
-52,-79,-77,5
-50,-76,-90,5
-70,-59,-80,11
-72,-72,-91,3
-73,-73,-78,13
-65,-77,-75,11
-81,-67,-81,8
-77,-84,-75,12
-66,-75,-70,6
-71,-74,-73,7
-74,-72,-77,13
-50,-64,-79,5
-65,-74,-81,6
-76,-84,-58,12
-72,-71,-78,3
-43,-82,-79,1
-71,-70,-90,7
-72,-74,-76,13
-81,-86,-61,12
-70,-72,-84,7
-66,-77,-79,15
-48,-79,-69,2
-54,-76,-69,9
-81,-78,-58,15
-84,-85,-76,12
-48,-78,-75,2
-67,-71,-79,3
-58,-71,-81,1
-62,-56,-72,8
-68,-64,-70,8
-69,-79,-80,15
-71,-57,-80,7
-71,-72,-73,7
-73,-72,-67,7
-57,-74,-85,1
-79,-54,-72,8
-75,-83,-73,14
-53,-89,-76,9
-72,-76,-77,13
-40,-61,-81,9
-54,-85,-76,9
-60,-67,-83,10
-66,-53,-76,4
-84,-78,-85,10
-59,-69,-75,13
-55,-66,-84,8
-68,-71,-81,15
-67,-70,-78,3
-71,-66,-82,7
-77,-75,-85,15
-49,-76,-76,11
-53,-66,-77,9
-69,-67,-90,8
-81,-67,-76,8
-63,-74,-80,1
-66,-80,-83,6
-70,-66,-78,8
-72,-73,-69,13
-77,-69,-72,12
-76,-76,-79,10
-69,-66,-72,15
-68,-76,-75,11
-71,-77,-54,16
-44,-84,-80,1
-53,-81,-82,9
-52,-78,-78,5
-82,-67,-72,8
-70,-76,-73,15
-53,-80,-77,9
-75,-77,-85,10
-59,-79,-83,14
-58,-75,-64,16
-75,-73,-62,16
-70,-83,-77,13
-66,-72,-57,16
-63,-50,-83,8
-55,-78,-57,15
-66,-76,-85,10
-40,-67,-79,5
-64,-81,-75,2
-81,-73,-64,16
-69,-67,-76,4
-53,-74,-85,6
-75,-79,-76,12
-69,-81,-86,10
-71,-77,-82,10
-63,-74,-70,1
-72,-70,-88,7
-73,-77,-63,16
-67,-73,-63,16
-76,-82,-77,10
-72,-65,-91,8
-70,-76,-60,15
-57,-80,-74,1
-69,-82,-87,10
-68,-67,-88,8
-68,-76,-62,16
-60,-85,-84,1
-72,-71,-81,7
-67,-72,-85,6
-72,-58,-79,15
-71,-76,-77,13
-69,-58,-82,6
-71,-71,-74,7
-77,-87,-62,14
-67,-71,-80,6
-71,-68,-63,3
-63,-78,-78,2
-79,-64,-72,8
-36,-78,-79,5
-72,-70,-76,13
-76,-80,-75,12
-54,-60,-75,9
-68,-73,-62,16
-79,-72,-72,12
-71,-75,-79,13
-65,-69,-78,4
-44,-85,-79,9
-71,-61,-83,7
-82,-59,-63,14
-80,-72,-59,12
-69,-78,-60,11
-72,-81,-80,10
-51,-70,-63,3
-52,-77,-80,5
-69,-72,-63,16
-52,-82,-62,5
-67,-76,-80,3
-70,-53,-84,8
-79,-91,-73,12
-64,-90,-80,1
-75,-75,-78,14
-69,-68,-76,4
-56,-62,-62,11
-67,-77,-78,11
-66,-81,-62,2
-64,-75,-75,11
-77,-92,-68,1
-51,-68,-62,4
-69,-74,-82,6
-67,-62,-74,11
-63,-66,-90,8
-73,-67,-79,3
-53,-78,-69,10
-64,-75,-80,11
-52,-77,-85,5
-78,-73,-81,14
-63,-75,-79,2
-77,-80,-77,10
-70,-66,-85,8
-70,-72,-62,16
-87,-71,-73,15
-66,-80,-77,2
-68,-70,-65,3
-70,-80,-59,12
-70,-74,-74,7
-53,-93,-80,9
-76,-81,-72,14
-71,-73,-62,16
-69,-73,-81,6
-69,-78,-77,13
-52,-61,-89,5
-63,-80,-84,1
-66,-78,-62,11
-71,-81,-87,7
-68,-73,-62,16
-72,-71,-84,8
-71,-57,-66,15
-44,-92,-86,1
-63,-79,-62,2
-68,-67,-82,6
-71,-72,-86,7
-64,-90,-82,1
-49,-78,-75,11
-65,-68,-65,16
-70,-74,-63,15
-73,-71,-89,3
-71,-65,-68,15
-26,-89,-80,5
-53,-90,-81,9
-65,-75,-67,2
-58,-68,-57,16
-69,-66,-83,8
-69,-72,-67,7
-70,-64,-80,4
-45,-78,-61,5
-72,-80,-79,10
-73,-83,-79,14
-74,-70,-76,12
-50,-82,-62,5
-76,-82,-73,10
-65,-78,-61,11
-74,-68,-77,13
-51,-78,-89,5
-65,-76,-78,11
-70,-77,-79,11
-61,-72,-67,3
-69,-75,-78,11
-69,-72,-57,16
-70,-79,-68,10
-53,-67,-70,9
-74,-76,-70,7
-67,-83,-77,11
-44,-87,-81,1
-52,-76,-89,5
-73,-85,-78,14
-50,-66,-66,5
-66,-74,-80,6
-59,-74,-79,14
-74,-83,-73,14
-71,-70,-84,7
-72,-83,-66,14
-69,-76,-76,11
-55,-76,-67,9
-52,-72,-80,6
-63,-91,-79,14
-73,-58,-81,14
-71,-75,-64,3
-71,-74,-62,16
-79,-76,-78,15
-63,-77,-76,2
-74,-82,-76,14
-55,-72,-57,8
-52,-86,-65,5
-68,-71,-84,6
-68,-74,-68,6
-66,-65,-83,10
-69,-67,-76,4
-73,-81,-75,12
-55,-68,-99,8
-67,-71,-52,16
-72,-52,-79,3
-64,-60,-60,11
-75,-80,-88,7
-65,-69,-80,4
-57,-73,-69,1
-65,-70,-83,8
-66,-78,-76,2
-74,-81,-82,14
-59,-91,-81,1
-68,-74,-61,16
-68,-73,-62,16
-67,-78,-76,11
-63,-77,-77,2
-70,-62,-81,7
-69,-66,-71,8
-66,-73,-70,6
-50,-60,-79,3
-59,-84,-86,1
-73,-62,-83,7
-71,-51,-72,8
-54,-78,-65,9
-70,-73,-57,16
-70,-70,-72,8
-72,-75,-71,14
-63,-79,-71,10
-78,-75,-71,15
-80,-66,-71,12
-68,-74,-65,6
-86,-77,-88,10
-38,-76,-76,9
-69,-70,-61,16
-71,-66,-82,8
-69,-81,-73,15
-65,-80,-77,2
-55,-81,-82,9
-65,-79,-78,2
-78,-79,-77,14
-52,-77,-62,5
-58,-72,-69,1
-71,-66,-79,3
-74,-71,-64,16
-55,-71,-84,7
-68,-58,-68,6
-63,-75,-78,11
-72,-71,-90,7
-69,-76,-93,8
-68,-71,-61,16
-70,-77,-64,16
-63,-80,-76,2
-65,-80,-80,2
-64,-66,-61,4
-37,-85,-76,9
-52,-74,-66,6
-71,-73,-62,16
-72,-79,-81,14
-66,-69,-77,4
-67,-79,-70,6
-72,-76,-88,3
-63,-63,-85,10
-45,-77,-79,5
-64,-76,-75,11
-72,-81,-64,13
-54,-80,-76,2
-68,-71,-67,16
-51,-74,-79,5
-59,-67,-76,11
-71,-79,-74,15
-57,-74,-79,3
-55,-80,-63,1
-53,-83,-76,9
-64,-76,-76,11
-76,-81,-81,10
-72,-56,-63,16
-36,-77,-80,5
-71,-73,-83,7
-63,-70,-65,16
-59,-74,-81,1
-71,-75,-86,3
-55,-55,-89,7
-67,-65,-68,3
-57,-74,-76,11
-74,-73,-67,7
-52,-75,-67,6
-80,-68,-83,8
-71,-68,-59,15
-48,-80,-76,2
-59,-74,-85,1
-40,-94,-81,9
-68,-73,-77,13
-65,-80,-75,2
-55,-53,-77,4
-54,-62,-78,9
-59,-64,-76,1
-74,-71,-79,14
-68,-52,-90,3
-69,-67,-69,4
-88,-61,-60,12
-70,-73,-77,13
-52,-76,-71,5
-70,-75,-72,8
-71,-66,-75,4
-66,-87,-79,2
-72,-72,-70,7
-70,-68,-82,10
-55,-81,-80,10
-77,-67,-85,8
-77,-81,-76,12
-62,-84,-71,12
-75,-81,-72,14
-67,-76,-80,3
-67,-66,-58,16
-60,-84,-82,13
-72,-55,-82,7
-52,-77,-61,5
-85,-69,-61,12
-55,-76,-79,9
-71,-80,-85,7
-74,-79,-79,14
-55,-74,-83,1
-72,-74,-80,7
-51,-79,-79,10
-35,-79,-80,5
-61,-61,-68,10
-34,-78,-69,9
-71,-71,-80,13
-69,-66,-62,4
-69,-71,-74,7
-68,-73,-76,13
-71,-66,-81,8
-58,-72,-81,7
-66,-58,-74,6
-76,-67,-79,14
-69,-76,-84,10
-70,-73,-77,13
-73,-73,-65,14
-69,-60,-78,13
-72,-78,-66,3
-67,-77,-81,11
-71,-80,-83,10
-44,-84,-78,9
-73,-79,-81,14
-69,-67,-92,10
-77,-67,-81,14
-66,-79,-80,6
-58,-71,-71,14
-54,-71,-81,7
-65,-76,-60,11
-70,-69,-89,8
-51,-79,-78,5
-83,-73,-77,12
-78,-50,-56,8
-75,-89,-79,13
-68,-65,-76,4
-70,-73,-84,7
-59,-74,-82,1
-71,-81,-81,15
-82,-71,-77,12
-67,-72,-81,6
-79,-51,-87,8
-71,-78,-79,15
-69,-73,-64,13
-67,-73,-84,6
-71,-59,-79,13
-82,-71,-74,12
-69,-68,-83,8
-67,-71,-81,3
-83,-74,-55,8
-76,-71,-72,12
-54,-60,-78,13
-70,-51,-85,3
-79,-68,-88,8
-70,-75,-47,16
-72,-79,-80,15
-72,-72,-68,3
-58,-75,-78,1
-74,-84,-78,14
-74,-72,-64,14
-51,-76,-62,5
-81,-65,-86,8
-60,-82,-79,1
-67,-76,-81,6
-76,-72,-81,14
-65,-76,-80,11
-81,-89,-71,12
-69,-79,-81,10
-53,-84,-79,9
-68,-80,-81,11
-53,-89,-81,9
-55,-87,-81,9
-74,-76,-80,10
-52,-75,-83,6
-77,-81,-71,14
-70,-72,-81,13
-72,-66,-87,3
-58,-67,-81,3
-54,-65,-76,9
-76,-91,-76,12
-56,-71,-78,15
-58,-76,-83,1
-55,-67,-84,8
-36,-83,-81,9
-73,-79,-69,14
-65,-71,-82,6
-84,-83,-77,14
-71,-74,-74,13
-81,-53,-84,8
-70,-58,-73,15
-70,-71,-80,7
-64,-83,-76,11
-68,-82,-72,10
-70,-80,-80,11
-53,-69,-65,4
-66,-64,-81,11
-75,-82,-76,12
-59,-77,-75,15
-66,-88,-75,12
-67,-52,-77,3
-69,-65,-78,13
-88,-76,-69,15
-69,-67,-78,8
-52,-79,-77,5
-55,-85,-82,9
-67,-76,-76,11
-65,-75,-79,6
-57,-73,-82,1
-53,-64,-84,4
-62,-80,-78,2
-70,-82,-81,11
-72,-82,-58,14
-64,-76,-75,11
-81,-57,-79,15
-76,-55,-71,12
-54,-81,-66,9
-70,-73,-80,13
-72,-88,-90,10
-69,-70,-79,11
-71,-72,-72,13
-79,-62,-73,15
-50,-72,-67,3
-76,-83,-75,12
-69,-73,-64,16
-68,-59,-68,6
-69,-72,-62,16
-76,-80,-72,12
-55,-83,-91,9
-73,-66,-85,3
-69,-67,-82,4
-70,-85,-86,13
-75,-79,-61,12
-63,-80,-75,2
-67,-71,-80,6
-54,-78,-77,9
-44,-77,-77,9
-67,-81,-76,11
-70,-74,-63,16
-53,-66,-82,4
-57,-80,-79,1
-71,-67,-81,4
-70,-73,-77,13
-70,-62,-88,8
-57,-81,-82,1
-52,-73,-63,5
-65,-61,-76,2
-71,-76,-71,8
-68,-61,-84,6
-66,-60,-66,6
-72,-75,-86,3
-59,-84,-73,14
-65,-61,-63,2
-64,-94,-82,1
-67,-73,-64,16
-73,-63,-79,15
-64,-67,-81,4
-64,-79,-78,2
-70,-71,-62,16
-84,-73,-72,12
-67,-75,-79,6
-67,-71,-82,6
-71,-75,-93,3
-75,-80,-81,10
-70,-67,-71,8
-64,-63,-61,2
-70,-72,-87,7
-70,-71,-79,15
-59,-83,-68,1
-72,-71,-77,13
-55,-67,-71,8
-50,-68,-78,4
-69,-72,-81,13
-58,-73,-61,16
-65,-76,-77,11
-80,-93,-72,12
-66,-68,-79,3
-63,-72,-81,6
-52,-64,-65,5
-41,-62,-78,5
-70,-66,-86,3
-72,-72,-74,15
-50,-88,-79,5
-74,-88,-80,14
-68,-73,-66,16
-54,-79,-73,15
-67,-79,-80,11
-61,-74,-91,8
-59,-87,-74,1
-57,-51,-66,3
-82,-91,-75,12
-68,-75,-79,3
-58,-71,-86,7
-57,-80,-81,11
-71,-58,-83,7
-67,-55,-65,4
-65,-79,-82,11
-70,-82,-65,15
-47,-83,-79,1
-67,-72,-79,6
-55,-76,-79,6
-62,-76,-73,10
-69,-71,-77,15
-68,-75,-71,8
-49,-71,-65,6
-69,-66,-65,16
-63,-69,-72,8
-71,-72,-76,13
-67,-75,-64,16
-55,-75,-83,8
-48,-74,-75,6
-66,-72,-82,6
-58,-86,-81,1
-86,-71,-71,12
-53,-62,-86,10
-63,-78,-77,2
-74,-72,-86,10
-45,-82,-82,1
-58,-61,-69,1
-76,-66,-76,12
-35,-79,-61,5
-80,-85,-76,12
-55,-73,-62,16
-69,-75,-62,16
-66,-75,-84,6
-69,-66,-78,4
-54,-53,-76,4
-70,-59,-62,16
-72,-71,-83,7
-80,-90,-76,12
-66,-74,-80,6
-71,-79,-73,15
-76,-81,-86,10
-52,-63,-84,10
-76,-86,-66,14
-54,-72,-85,7
-70,-74,-76,11
-50,-69,-76,11
-38,-76,-78,9
-65,-82,-86,1
-67,-76,-64,16
-67,-74,-81,2
-44,-62,-77,9
-55,-65,-77,4
-76,-81,-84,10
-57,-70,-80,3
-82,-71,-76,12
-80,-86,-72,12
-51,-80,-84,5
-81,-69,-67,14
-68,-56,-82,3
-60,-82,-79,13
-65,-76,-75,11
-40,-76,-62,9
-62,-84,-71,14
-67,-73,-57,16
-68,-81,-77,11
-58,-57,-83,3
-86,-81,-75,12
-85,-81,-58,12
-72,-82,-62,16
-59,-65,-93,8
-70,-72,-89,7
-65,-78,-76,2
-69,-66,-81,4
-63,-80,-63,2
-58,-78,-79,5
-66,-75,-75,11
-65,-77,-78,2
-70,-75,-81,15
-73,-73,-78,13
-52,-80,-77,10
-78,-86,-76,12
-64,-92,-77,1
-64,-81,-83,1
-72,-76,-62,16
-65,-79,-75,11
-54,-89,-64,16
-69,-72,-66,13
-77,-81,-87,10
-65,-61,-77,2
-70,-79,-65,10
-67,-56,-80,3
-69,-78,-81,10
-71,-66,-79,3
-57,-83,-78,10
-54,-85,-79,9
-69,-81,-62,16
-67,-74,-78,3
-74,-71,-62,16
-71,-74,-66,16
-53,-82,-75,9
-66,-67,-79,4
-71,-68,-78,15
-71,-78,-73,15
-62,-75,-78,2
-63,-78,-80,2
-66,-78,-61,11
-59,-83,-86,1
-72,-71,-62,16
-72,-72,-72,14
-84,-67,-73,8
-73,-81,-72,14
-71,-66,-82,8
-61,-87,-75,9
-85,-71,-75,12
-52,-62,-62,5
-47,-82,-78,1
-61,-69,-81,10
-66,-74,-84,6
-50,-76,-76,5
-55,-76,-77,11
-68,-62,-84,10
-71,-75,-80,3
-73,-88,-84,14
-71,-77,-81,10
-48,-75,-79,2
-69,-77,-76,11
-66,-59,-69,6
-65,-72,-80,6
-51,-72,-81,6
-75,-76,-82,10
-75,-83,-65,14
-67,-65,-79,14
-64,-77,-79,2
-52,-79,-88,5
-68,-77,-69,11
-64,-71,-82,13
-70,-70,-82,7
-68,-74,-65,16
-73,-90,-76,12
-55,-73,-78,15
-72,-70,-72,8
-71,-53,-87,8
-65,-75,-79,2
-70,-71,-72,15
-56,-59,-77,15
-58,-87,-64,1
-76,-83,-79,14
-67,-58,-49,16
-55,-79,-79,9
-75,-77,-71,8
-58,-74,-71,1
-51,-77,-80,5
-82,-70,-76,12
-78,-76,-71,8
-74,-71,-78,14
-79,-69,-82,8
-64,-66,-77,4
-71,-78,-77,15
-69,-67,-79,11
-50,-76,-74,5
-69,-70,-83,7
-73,-76,-79,14
-67,-73,-84,6
-36,-73,-82,5
-55,-79,-80,10
-88,-71,-74,12
-71,-81,-86,10
-55,-68,-67,9
-76,-70,-75,12
-75,-72,-77,14
-45,-74,-80,1
-50,-85,-94,5
-69,-74,-75,11
-69,-77,-79,15
-70,-78,-80,11
-79,-82,-71,10
-59,-73,-71,1
-50,-77,-79,5
-39,-77,-78,5
-51,-77,-80,5
-47,-82,-86,1
-64,-91,-69,1
-64,-72,-79,6
-69,-71,-81,3
-50,-63,-80,5
-69,-81,-79,10
-65,-75,-80,6
-44,-73,-80,1
-49,-74,-81,6
-55,-81,-89,7
-84,-60,-60,14
-65,-65,-79,11
-67,-78,-79,13
-70,-75,-78,15
-71,-72,-76,13
-64,-67,-77,4
-77,-82,-76,12
-68,-74,-61,16
-56,-74,-76,13
-53,-75,-66,9
-73,-74,-67,7
-72,-59,-80,3
-69,-73,-64,16
-69,-67,-79,3
-67,-73,-82,6
-56,-78,-72,15
-81,-86,-58,12
-35,-78,-88,5
-52,-61,-81,6
-69,-77,-73,15
-71,-75,-62,16
-56,-73,-77,13
-81,-74,-87,8
-63,-75,-79,2
-53,-78,-79,9
-71,-70,-92,7
-70,-72,-61,16
-74,-76,-79,14
-66,-65,-75,4
-54,-76,-82,9
-52,-89,-87,5
-52,-67,-77,5
-72,-73,-70,15
-69,-78,-81,15
-68,-81,-77,11
-59,-83,-85,1
-79,-70,-72,8
-89,-91,-75,12
-64,-78,-76,2
-54,-87,-82,1
-49,-78,-66,2
-66,-58,-85,6
-72,-79,-89,10
-66,-78,-86,10
-69,-76,-75,11
-71,-50,-70,8
-64,-78,-78,2
-70,-79,-79,13
-70,-59,-78,15
-52,-86,-91,5
-66,-69,-75,4
-74,-74,-79,14
-62,-60,-82,8
-70,-88,-76,13
-71,-71,-78,3
-54,-67,-71,8
-66,-81,-87,10
-67,-74,-73,11
-66,-74,-65,6
-85,-89,-77,12
-73,-77,-63,16
-72,-68,-79,15
-54,-85,-79,9
-68,-81,-87,10
-69,-83,-79,10
-72,-66,-78,8
-64,-84,-76,11
-69,-65,-80,4
-53,-81,-85,9
-59,-73,-49,16
-36,-78,-79,5
-55,-83,-91,9
-71,-75,-85,10
-69,-66,-78,3
-77,-71,-79,15
-68,-81,-61,11
-52,-80,-78,5
-50,-79,-78,5
-72,-78,-56,15
-48,-76,-80,2
-69,-67,-78,4
-78,-75,-73,14
-75,-90,-67,14
-60,-81,-70,14
-70,-72,-80,13
-71,-79,-73,10
-78,-76,-82,10
-57,-73,-80,1
-56,-75,-79,3
-66,-53,-76,4
-52,-71,-84,6
-73,-73,-65,16
-80,-81,-76,12
-70,-76,-80,10
-75,-79,-80,14
-52,-89,-77,5
-54,-76,-75,9
-57,-74,-79,1
-74,-71,-62,16
-51,-73,-88,5
-58,-82,-79,1
-68,-76,-71,14
-68,-71,-81,6
-69,-74,-79,13
-70,-71,-84,7
-72,-81,-79,15
-71,-61,-82,10
-65,-78,-78,2
-55,-72,-82,8
-54,-74,-89,8
-72,-75,-81,3
-66,-67,-79,3
-69,-68,-84,8
-52,-80,-75,5
-61,-89,-74,12
-48,-77,-75,2
-65,-75,-84,6
-58,-74,-71,14
-70,-71,-83,7
-71,-71,-68,7
-66,-60,-82,6
-71,-72,-61,16
-49,-84,-76,2
-75,-81,-77,14
-68,-72,-75,12
-72,-76,-73,15
-69,-65,-62,4
-67,-76,-80,3
-55,-72,-83,7
-69,-67,-53,16
-63,-78,-75,11
-86,-63,-80,15
-68,-78,-89,7
-74,-79,-78,14
-67,-56,-73,3
-65,-67,-63,4
-76,-55,-77,12
-69,-62,-80,3
-65,-69,-79,2
-62,-77,-62,2
-65,-89,-82,1
-51,-83,-75,11
-67,-72,-64,16
-63,-67,-74,2
-72,-58,-76,14
-62,-78,-76,2
-48,-65,-75,2
-79,-89,-76,12
-53,-84,-80,9
-82,-61,-60,12
-67,-61,-75,11
-64,-79,-76,2
-68,-74,-84,8
-85,-88,-76,12
-64,-62,-80,2
-51,-90,-90,5
-52,-74,-65,6
-53,-77,-78,9
-40,-61,-64,9
-55,-76,-83,9
-54,-55,-91,7
-73,-73,-88,7
-61,-86,-75,12
-52,-76,-80,9
-65,-79,-79,2
-73,-77,-57,14
-52,-77,-88,5
-71,-87,-68,13
-70,-77,-80,11
-71,-78,-78,15
-69,-82,-76,11
-64,-83,-75,11
-54,-75,-79,9
-70,-58,-82,7
-54,-80,-75,9
-65,-68,-68,4
-70,-75,-75,11
-78,-82,-85,10
-71,-66,-79,3
-69,-72,-62,16
-70,-71,-85,7
-67,-79,-86,10
-64,-68,-81,4
-71,-75,-79,15
-77,-75,-80,8
-71,-73,-53,16
-56,-77,-81,10
-44,-83,-87,1
-55,-72,-60,15
-78,-73,-63,14
-51,-62,-62,5
-63,-77,-77,2
-47,-79,-79,2
-73,-70,-89,7
-61,-74,-82,1
-71,-65,-92,8
-68,-58,-78,13
-71,-75,-87,7
-53,-74,-85,1
-73,-67,-80,3
-69,-77,-78,11
-72,-67,-80,3
-65,-60,-80,11
-68,-72,-79,6
-64,-81,-76,11
-71,-68,-82,3
-45,-76,-66,1
-72,-76,-79,13
-53,-66,-76,4
-54,-78,-79,9
-75,-83,-76,12
-67,-71,-80,13
-72,-70,-72,8
-71,-71,-81,13
-70,-66,-71,8
-60,-75,-76,1
-74,-80,-87,10
-73,-74,-76,14
-50,-78,-66,5
-76,-91,-76,12
-52,-76,-90,5
-52,-76,-79,6
-75,-73,-84,14
-75,-80,-78,14
-56,-74,-55,8
-49,-61,-77,2
-71,-77,-83,10
-54,-77,-77,9
-59,-79,-69,15
-64,-77,-61,11
-71,-77,-79,11
-65,-64,-85,10
-55,-83,-76,9
-68,-72,-76,11
-68,-71,-72,12
-70,-71,-92,7
-59,-73,-77,1
-69,-74,-61,16
-55,-71,-68,7
-68,-66,-75,4
-65,-78,-79,11
-68,-73,-65,13
-37,-86,-80,9
-40,-80,-78,5
-72,-71,-56,16
-72,-70,-69,7
-72,-69,-62,16
-72,-70,-64,7
-66,-56,-65,16
-50,-50,-77,4
-71,-81,-69,10
-63,-79,-78,2
-51,-77,-89,5
-65,-75,-69,6
-67,-72,-58,16
-43,-80,-77,1
-52,-77,-76,5
-69,-72,-76,15
-83,-75,-72,8
-65,-65,-69,4
-77,-81,-71,10
-65,-50,-69,8
-68,-68,-77,10
-69,-68,-78,4
-45,-78,-87,5
-69,-92,-49,16
-54,-67,-83,4
-65,-80,-76,2
-66,-75,-85,3
-64,-74,-81,6
-83,-71,-72,12
-78,-70,-84,8
-75,-71,-81,7
-71,-71,-74,3
-56,-78,-76,11
-70,-74,-88,8
-59,-59,-79,1
-59,-74,-80,1
-59,-79,-83,1
-71,-70,-83,7
-52,-79,-80,5
-71,-57,-82,7
-67,-70,-88,3
-64,-67,-78,4
-73,-82,-77,14
-71,-66,-90,3
-79,-75,-79,3
-67,-73,-61,16
-72,-76,-79,14
-80,-75,-64,15
-58,-82,-79,1
-71,-88,-79,13
-83,-77,-66,14
-70,-66,-76,4
-67,-75,-81,3
-66,-75,-81,6
-71,-76,-75,11
-69,-56,-65,16
-55,-84,-81,9
-66,-67,-63,4
-73,-72,-64,16
-68,-80,-86,7
-50,-77,-84,5
-71,-72,-92,7
-69,-80,-82,7
-66,-73,-68,6
-65,-53,-75,4
-73,-71,-61,16
-68,-72,-62,16
-76,-71,-58,12
-68,-69,-76,4
-71,-72,-61,16
-70,-71,-80,3
-66,-59,-90,6
-59,-61,-82,10
-64,-75,-82,6
-79,-67,-83,8
-70,-72,-78,13
-56,-67,-85,8
-78,-72,-65,15
-49,-77,-79,2
-46,-79,-91,5
-70,-72,-77,13
-70,-67,-55,8
-71,-85,-76,13
-65,-68,-77,2
-67,-73,-58,16
-80,-82,-65,14
-82,-67,-71,8
-55,-84,-76,9
-55,-76,-76,9
-66,-66,-79,3
-78,-86,-75,12
-65,-67,-62,4
-50,-65,-81,4
-68,-58,-81,15
-66,-61,-79,13
-67,-72,-69,6
-82,-78,-68,15
-65,-76,-76,11
-73,-57,-62,16
-80,-79,-77,14
-70,-78,-62,16
-77,-70,-61,12
-64,-79,-79,2
-56,-64,-82,15
-62,-72,-82,6
-70,-71,-86,7
-72,-65,-90,8
-75,-70,-78,14
-72,-74,-56,14
-51,-79,-62,5
-58,-84,-57,14
-69,-86,-77,12
-64,-65,-81,4
-72,-71,-81,7
-70,-68,-65,3
-56,-64,-73,8
-74,-83,-72,12
-69,-76,-79,11
-66,-78,-77,2
-45,-85,-62,5
-80,-77,-64,15
-59,-75,-81,1
-52,-62,-67,5
-66,-72,-82,3
-62,-55,-72,12
-78,-91,-75,12
-48,-78,-81,2
-38,-93,-78,9
-66,-75,-79,6
-69,-50,-76,4
-65,-66,-76,4
-57,-81,-79,1
-70,-75,-81,3
-70,-56,-79,3
-82,-76,-80,15
-73,-72,-79,7
-66,-62,-76,11
-70,-79,-81,10
-55,-76,-80,9
-68,-59,-80,6
-55,-84,-84,9
-53,-75,-85,1
-79,-75,-65,15
-71,-82,-62,16
-73,-73,-62,16
-72,-71,-67,3
-60,-74,-81,1
-52,-79,-75,11
-64,-87,-69,1
-70,-59,-80,15
-65,-67,-81,4
-54,-82,-83,9
-70,-79,-82,11
-68,-69,-64,16
-52,-75,-80,6
-60,-79,-84,10
-69,-72,-80,13
-61,-76,-81,3
-70,-78,-58,16
-87,-84,-73,12
-59,-73,-79,13
-64,-76,-75,11
-59,-82,-79,1
-64,-75,-76,11
-72,-50,-71,8
-52,-71,-86,6
-79,-55,-75,12
-72,-75,-71,8
-69,-72,-62,16
-52,-78,-93,5
-70,-76,-81,11
-65,-63,-76,11
-67,-72,-82,13
-55,-80,-88,7
-49,-75,-78,2
-71,-59,-80,3
-70,-67,-62,4
-68,-87,-79,13
-68,-74,-69,6
-66,-91,-76,12
-50,-90,-62,5
-76,-79,-86,10
-72,-71,-96,3
-51,-75,-65,6
-58,-85,-78,1
-64,-62,-63,2
-65,-74,-79,6
-54,-73,-78,13
-52,-60,-76,11
-47,-82,-87,1
-53,-68,-62,4
-70,-67,-79,4
-84,-80,-72,12
-58,-75,-79,1
-55,-66,-71,8
-59,-73,-84,1
-66,-67,-63,4
-82,-55,-75,12
-61,-74,-82,1
-69,-64,-76,13
-69,-74,-62,16
-66,-69,-77,4
-50,-76,-78,11
-52,-62,-79,5
-57,-75,-82,3
-71,-73,-82,13
-57,-83,-88,1
-71,-64,-71,8
-73,-54,-78,7
-72,-69,-64,13
-72,-70,-87,7
-91,-86,-76,12
-80,-78,-63,15
-70,-76,-72,15
-69,-75,-57,14
-70,-77,-69,10
-59,-82,-78,1
-51,-89,-77,5
-57,-73,-73,14
-71,-77,-79,15
-59,-72,-80,1
-79,-78,-80,10
-66,-81,-80,10
-82,-84,-76,12
-65,-72,-79,6
-78,-77,-82,10
-66,-81,-76,2
-83,-79,-60,12
-54,-71,-88,7
-77,-70,-71,12
-65,-80,-75,2
-63,-61,-87,3
-54,-75,-81,9
-65,-58,-81,6
-85,-90,-77,12
-69,-73,-80,13
-65,-78,-75,2
-65,-77,-83,10
-74,-68,-58,12
-67,-75,-81,6
-69,-73,-69,7
-73,-72,-84,7
-70,-64,-82,10
-80,-70,-83,8
-49,-65,-62,4
-62,-70,-72,14
-55,-78,-80,9
-72,-72,-79,3
-50,-67,-77,4
-73,-58,-80,6
-74,-63,-57,14
-85,-73,-58,14
-52,-67,-89,5
-53,-75,-80,9
-48,-63,-62,2
-69,-71,-79,13
-67,-63,-80,10
-61,-79,-80,15
-79,-81,-64,10
-79,-73,-83,8
-55,-67,-82,4
-59,-83,-65,1
-59,-80,-82,1
-68,-72,-81,6
-74,-82,-79,14
-76,-79,-87,10
-39,-90,-81,9
-72,-68,-94,3
-66,-71,-80,6
-55,-77,-56,15
-71,-76,-75,3
-50,-67,-80,5
-52,-78,-90,5
-67,-72,-82,13
-67,-69,-58,16
-54,-80,-75,9
-67,-77,-80,11
-68,-74,-77,13
-60,-74,-81,15
-53,-64,-88,13
-71,-71,-63,16
-50,-66,-68,4
-72,-70,-84,7
-77,-76,-85,15
-71,-74,-79,13
-69,-84,-75,13
-67,-71,-66,13
-59,-73,-65,1
-78,-67,-88,8
-70,-72,-70,7
-58,-88,-82,1
-69,-72,-79,13
-84,-83,-72,12
-64,-67,-74,4
-62,-77,-77,2
-69,-63,-81,4
-51,-78,-91,5
-52,-74,-69,6
-55,-76,-72,8
-61,-86,-69,1
-81,-68,-87,8
-71,-70,-56,8
-70,-80,-75,13
-69,-71,-76,13
-67,-78,-79,11
-69,-72,-65,16
-57,-85,-94,5
-74,-72,-84,7
-68,-82,-62,14
-68,-74,-79,6
-62,-79,-61,2
-54,-82,-82,9
-69,-78,-83,10
-68,-73,-62,16
-55,-84,-80,9
-40,-79,-64,9
-69,-72,-65,15
-60,-73,-66,13
-71,-69,-55,8
-55,-73,-79,9
-71,-67,-88,8
-64,-67,-79,2
-48,-78,-78,2
-83,-83,-72,12
-78,-73,-81,14
-69,-60,-71,8
-70,-72,-67,15
-69,-81,-78,13
-60,-77,-76,11
-63,-77,-62,2
-70,-78,-81,15
-66,-72,-78,6
-72,-58,-80,14
-71,-73,-79,13
-69,-50,-64,4
-59,-77,-79,1
-39,-79,-78,9
-79,-74,-81,3
-65,-78,-75,2
-71,-70,-82,7
-54,-78,-70,9
-71,-64,-80,10
-70,-58,-96,7
-68,-71,-86,13
-79,-65,-79,8
-67,-74,-69,6
-65,-68,-77,4
-78,-92,-71,12
-71,-68,-78,13
-51,-77,-83,4
-69,-80,-86,10
-43,-74,-85,1
-58,-81,-81,1
-82,-82,-75,12
-54,-86,-80,9
-55,-77,-81,9
-81,-54,-71,8
-56,-67,-65,15
-71,-73,-78,15
-76,-77,-73,15
-81,-73,-57,15
-64,-79,-61,2
-70,-50,-83,4
-60,-73,-69,15
-63,-80,-76,2
-48,-77,-62,2
-68,-72,-79,15
-52,-77,-78,5
-64,-77,-62,11
-68,-74,-80,13
-45,-90,-65,1
-53,-82,-80,9
-68,-74,-69,6
-59,-84,-87,1
-68,-74,-66,16
-56,-68,-80,3
-69,-78,-79,14
-69,-75,-81,13
-68,-69,-80,4
-39,-77,-79,9
-55,-71,-64,16
-54,-76,-80,9
-56,-72,-80,15
-71,-53,-79,4
-87,-75,-72,14
-68,-65,-78,8
-72,-71,-86,7
-69,-73,-76,13
-67,-76,-65,16
-53,-84,-78,9
-71,-70,-79,3
-80,-75,-71,8
-69,-72,-62,11
-66,-67,-92,3
-78,-74,-86,8
-63,-86,-75,2
-66,-50,-75,4
-62,-74,-79,2
-64,-77,-75,2
-75,-72,-81,14
-68,-77,-81,10
-51,-87,-88,5
-71,-73,-79,13
-53,-63,-80,9
-63,-67,-75,4
-62,-83,-81,2
-70,-75,-78,13
-53,-60,-84,1
-64,-66,-80,4
-69,-68,-79,8
-71,-63,-80,7
-73,-79,-83,7
-71,-72,-80,13
-52,-78,-79,5
-41,-83,-63,9
-64,-51,-76,4
-54,-75,-75,9
-69,-79,-77,13
-71,-70,-81,7
-72,-67,-56,8
-50,-67,-81,4
-71,-72,-83,13
-54,-64,-66,4
-72,-82,-58,14
-54,-79,-81,7
-52,-77,-78,5
-53,-82,-75,9
-62,-67,-78,4
-55,-79,-80,10
-71,-75,-87,3
-52,-70,-70,10
-64,-61,-76,11
-77,-63,-68,15
-59,-74,-63,1
-79,-74,-58,15
-55,-80,-77,9
-75,-73,-75,12
-68,-73,-68,6
-70,-67,-82,4
-52,-82,-94,5
-66,-71,-85,3
-70,-71,-84,7
-49,-72,-83,6
-64,-61,-63,2
-56,-76,-66,11
-77,-77,-72,14
-64,-80,-75,2
-71,-53,-56,8
-68,-60,-80,6
-73,-70,-61,16
-50,-75,-82,6
-68,-75,-82,6
-68,-60,-83,6
-55,-72,-88,7
-75,-80,-58,14
-69,-76,-82,10
-58,-98,-80,1
-70,-75,-80,15
-59,-92,-68,1
-66,-67,-78,4
-67,-60,-62,16
-49,-67,-79,1
-67,-76,-77,11
-70,-58,-71,4
-41,-86,-86,5
-73,-74,-83,7
-29,-79,-78,5
-64,-80,-84,1
-72,-72,-65,14
-66,-80,-80,14
-52,-67,-94,5
-63,-96,-69,1
-75,-71,-75,12
-66,-67,-76,4
-70,-78,-78,15
-68,-58,-79,6
-68,-71,-64,16
-65,-66,-76,2
-66,-86,-79,11
-75,-72,-81,15
-50,-70,-80,3
-68,-73,-61,16
-64,-65,-82,4
-53,-85,-77,9
-68,-75,-67,6
-74,-60,-62,16
-71,-75,-82,3
-69,-80,-79,10
-82,-76,-64,15
-82,-81,-62,12
-51,-77,-75,11
-69,-77,-74,15
-65,-76,-77,11
-71,-71,-82,7
-76,-69,-87,8
-49,-67,-75,2
-85,-91,-73,12
-52,-77,-82,5
-69,-79,-79,10
-65,-79,-75,11
-66,-74,-74,15
-79,-65,-63,15
-49,-78,-75,2
-69,-65,-78,4
-49,-78,-79,2
-40,-78,-87,5
-70,-73,-83,15
-70,-72,-72,8
-66,-65,-62,4
-73,-71,-90,7
-70,-73,-57,15
-70,-74,-65,13
-85,-89,-76,12
-69,-65,-83,4
-69,-74,-75,13
-62,-76,-75,11
-68,-78,-79,15
-58,-78,-63,3
-54,-81,-76,9
-70,-83,-77,13
-74,-84,-82,7
-70,-71,-78,15
-72,-52,-90,3
-55,-67,-87,10
-78,-66,-84,10
-67,-73,-62,16
-55,-58,-67,7
-45,-90,-81,1
-67,-81,-79,10
-51,-75,-63,3
-78,-68,-72,8
-64,-50,-76,4
-67,-56,-81,3
-80,-70,-72,8
-70,-68,-71,8
-68,-52,-78,3
-70,-73,-62,16
-49,-57,-81,6
-66,-50,-75,4
-70,-74,-78,13
-72,-72,-83,7
-77,-65,-80,15
-64,-69,-76,4
-66,-71,-84,7
-79,-79,-80,14
-54,-94,-80,9
-63,-80,-76,2
-64,-77,-80,11
-64,-76,-85,6
-68,-57,-81,6
-55,-81,-79,9
-70,-55,-89,8
-59,-85,-79,1
-67,-73,-68,6
-80,-88,-71,12
-63,-79,-68,10
-52,-77,-78,5
-72,-86,-78,14
-74,-81,-79,14
-57,-60,-78,6
-63,-77,-79,2
-59,-94,-78,1
-73,-64,-71,14
-66,-75,-61,12
-66,-73,-63,16
-66,-77,-80,11
-63,-78,-77,2
-57,-67,-86,3
-69,-64,-79,15
-77,-72,-61,12
-76,-89,-75,12
-53,-77,-80,5
-65,-53,-68,4
-68,-72,-81,6
-55,-72,-89,7
-53,-83,-82,9
-57,-76,-79,1
-77,-81,-82,10
-55,-75,-80,9
-70,-50,-80,4
-42,-86,-62,5
-85,-56,-73,12
-64,-75,-78,2
-73,-82,-87,7
-69,-59,-78,13
-62,-69,-73,8
-77,-68,-71,8
-57,-94,-62,13
-70,-70,-79,13
-64,-77,-76,2
-70,-68,-73,8
-67,-79,-76,11
-59,-66,-81,3
-83,-55,-71,12
-69,-77,-73,10
-66,-67,-75,4
-43,-75,-79,1
-64,-79,-76,2
-63,-74,-81,1
-70,-67,-80,13
-76,-72,-61,12
-52,-79,-79,5
-50,-79,-76,11
-40,-77,-66,5
-70,-66,-78,4
-82,-65,-89,10
-81,-74,-71,8
-83,-77,-68,15
-64,-74,-72,1
-80,-85,-72,14
-52,-79,-79,5
-72,-67,-79,3
-80,-54,-72,8
-52,-77,-78,5
-55,-76,-77,9
-80,-64,-71,8
-64,-73,-62,16
-61,-74,-80,15
-71,-90,-77,14
-66,-75,-76,11
-81,-70,-65,14
-72,-67,-65,3
-55,-76,-76,9
-54,-94,-81,9
-50,-76,-79,5
-74,-92,-64,16
-86,-83,-78,12
-41,-72,-78,5
-67,-71,-72,12
-71,-68,-82,3
-59,-79,-84,14
-66,-66,-77,4
-67,-57,-80,3
-76,-79,-77,10
-63,-82,-77,10
-48,-61,-62,2
-71,-70,-70,10
-64,-64,-79,4
-73,-72,-47,16
-69,-57,-77,13
-68,-58,-81,3
-73,-87,-82,7
-67,-52,-79,3
-79,-73,-79,14
-65,-76,-84,6
-75,-85,-58,14
-85,-83,-75,12
-83,-67,-83,8
-59,-72,-84,1
-70,-79,-64,15
-36,-79,-62,5
-68,-79,-75,2
-52,-75,-80,6
-67,-68,-73,3
-64,-67,-68,4
-63,-75,-61,2
-44,-83,-69,9
-65,-72,-81,6
-70,-72,-82,7
-59,-80,-66,11
-71,-71,-74,15
-64,-65,-78,4
-50,-80,-79,11
-70,-71,-82,7
-66,-68,-78,4
-72,-75,-80,13
-83,-84,-65,12
-67,-75,-66,6
-54,-85,-81,9
-67,-81,-82,7
-66,-73,-75,2
-51,-74,-82,1
-55,-81,-61,16
-71,-89,-81,3
-74,-75,-82,7
-74,-67,-47,16
-56,-84,-75,9
-76,-89,-76,12
-55,-75,-62,9
-53,-79,-92,5
-54,-80,-65,9
-39,-76,-66,5
-79,-63,-72,15
-71,-51,-87,8
-66,-77,-77,11
-70,-56,-78,3
-69,-67,-76,4
-68,-81,-62,10
-79,-81,-81,10
-70,-65,-81,4
-66,-76,-82,3
-62,-94,-80,10
-67,-66,-81,3
-81,-53,-84,8
-65,-76,-76,11
-71,-57,-64,16
-71,-72,-62,16
-64,-73,-84,6
-68,-81,-79,10
-65,-53,-83,8
-63,-74,-76,11
-70,-58,-79,13
-59,-91,-81,1
-67,-74,-73,14
-80,-74,-64,14
-72,-72,-68,7
-57,-59,-73,1
-53,-78,-78,9
-62,-61,-76,12
-52,-80,-79,10
-74,-73,-55,16
-52,-81,-78,5
-51,-77,-88,5
-83,-71,-77,12
-48,-75,-80,2
-64,-89,-87,1
-53,-74,-62,16
-66,-66,-77,4
-69,-72,-64,16
-68,-75,-68,6
-71,-82,-78,10
-54,-70,-77,9
-63,-78,-76,2
-71,-75,-76,13
-69,-73,-64,16
-76,-58,-69,14
-57,-71,-69,7
-70,-65,-84,8
-68,-76,-83,6
-58,-76,-68,15
-70,-80,-76,13
-75,-74,-80,14
-80,-67,-95,8
-59,-92,-81,1
-68,-66,-81,3
-70,-70,-88,7
-65,-74,-70,6
-35,-82,-87,5
-48,-75,-83,6
-65,-75,-63,2
-53,-80,-76,9
-67,-82,-76,11
-66,-73,-81,3
-73,-70,-68,7
-73,-68,-78,3
-59,-65,-71,4
-73,-55,-82,7
-57,-71,-75,13
-72,-57,-81,3
-54,-79,-64,2
-49,-75,-82,6
-70,-77,-78,13
-71,-71,-83,7
-72,-76,-66,13
-71,-72,-52,16
-70,-70,-73,8
-71,-74,-81,13
-53,-76,-80,6
-82,-77,-81,15
-52,-80,-76,11
-68,-59,-79,6
-60,-72,-73,7
-71,-73,-80,15
-52,-71,-90,5
-71,-65,-78,13
-65,-58,-79,6
-50,-67,-88,5
-74,-83,-72,14
-66,-68,-76,4
-53,-94,-75,9
-82,-70,-77,12
-68,-72,-81,15
-65,-74,-81,1
-78,-66,-56,8
-71,-54,-72,8
-64,-75,-76,11
-83,-73,-65,15
-70,-76,-85,10
-64,-64,-78,11
-53,-71,-78,5
-66,-75,-81,6
-71,-90,-79,13
-70,-58,-76,13
-66,-83,-62,11
-51,-79,-78,5
-70,-78,-77,11
-64,-95,-85,1
-55,-78,-80,15
-84,-83,-58,12
-53,-82,-66,9
-86,-87,-58,12
-76,-78,-75,13
-71,-79,-79,11
-68,-72,-77,13
-52,-75,-79,6
-58,-73,-80,1
-64,-83,-80,1
-83,-55,-76,12
-75,-83,-80,14
-52,-77,-75,11
-66,-66,-76,4
-54,-61,-61,2
-36,-82,-80,5
-73,-72,-65,16
-67,-71,-79,3
-64,-69,-77,4
-52,-86,-62,5
-65,-67,-72,4
-59,-87,-76,1
-55,-63,-80,9
-55,-63,-78,9
-86,-80,-75,12
-69,-51,-79,4
-59,-71,-81,1
-58,-91,-82,1
-69,-73,-64,16
-72,-72,-80,15
-71,-66,-89,8
-80,-79,-73,15
-52,-60,-81,6
-52,-76,-83,15
-69,-79,-76,7
-65,-71,-80,7
-63,-77,-75,12
-55,-83,-75,9
-54,-85,-79,9
-56,-67,-84,8
-72,-75,-72,14
-56,-60,-81,15
-68,-83,-79,10
-75,-68,-71,14
-75,-74,-58,12
-65,-65,-78,4
-70,-67,-76,8
-68,-77,-80,10
-71,-81,-64,15
-69,-75,-85,10
-73,-84,-73,14
-70,-73,-62,13
-76,-71,-72,12
-59,-67,-82,3
-65,-79,-79,2
-75,-79,-71,14
-48,-75,-76,2
-73,-72,-84,13
-53,-87,-80,9
-64,-73,-79,6
-65,-85,-75,11
-69,-70,-64,16
-53,-75,-65,6
-41,-61,-79,5
-67,-73,-63,16
-67,-71,-80,6
-65,-60,-72,6
-79,-51,-71,8
-59,-76,-86,1
-64,-67,-63,4
-59,-80,-96,1
-63,-75,-75,2
-71,-73,-65,16
-77,-63,-82,10
-72,-60,-81,7
-52,-78,-76,11
-64,-62,-80,4
-89,-54,-71,12
-53,-83,-80,9
-51,-59,-80,6
-68,-72,-82,6
-78,-70,-76,12
-39,-76,-75,9
-65,-76,-77,11
-66,-59,-79,6
-66,-68,-80,4
-50,-67,-79,3
-59,-86,-82,1
-45,-60,-80,1
-67,-75,-67,9
-53,-69,-62,16
-71,-70,-85,7
-71,-67,-92,3
-37,-82,-75,9
-37,-83,-80,9
-75,-65,-88,8
-55,-75,-81,3
-65,-65,-80,4
-68,-76,-61,16
-71,-71,-69,13
-72,-78,-67,14
-59,-84,-85,1
-56,-83,-78,14
-70,-55,-83,7
-59,-77,-63,16
-67,-74,-76,11
-69,-77,-79,10
-61,-65,-80,10
-63,-76,-80,2
-71,-78,-79,15
-65,-80,-62,11
-80,-71,-75,12
-66,-80,-80,11
-72,-74,-77,13
-71,-72,-83,7
-70,-68,-79,15
-67,-87,-75,11
-71,-73,-77,13
-60,-95,-65,1
-74,-80,-84,14
-70,-63,-78,15
-58,-81,-81,1
-47,-75,-65,1
-73,-57,-84,3
-72,-89,-78,13
-62,-76,-69,10
-68,-83,-62,16
-81,-83,-72,12
-71,-79,-79,15
-73,-80,-73,14
-59,-92,-67,1
-68,-71,-85,6
-67,-82,-80,9
-65,-64,-78,2
-67,-84,-89,10
-49,-58,-80,6
-58,-75,-82,1
-51,-52,-79,3
-87,-80,-75,12
-74,-72,-83,7
-74,-61,-71,14
-55,-77,-76,9
-65,-79,-78,2
-72,-75,-86,3
-74,-74,-77,14
-52,-75,-70,6
-63,-75,-80,11
-67,-79,-76,11
-64,-89,-86,1
-68,-56,-72,14
-77,-53,-71,8
-70,-73,-80,4
-56,-73,-78,13
-65,-75,-79,2
-78,-60,-81,14
-50,-75,-94,3
-67,-73,-61,16
-70,-72,-79,15
-72,-72,-67,7
-66,-90,-75,10
-68,-80,-85,10
-71,-72,-65,3
-55,-84,-78,9
-64,-67,-62,4
-71,-76,-78,11
-52,-68,-77,5
-59,-61,-87,1
-52,-74,-83,6
-67,-83,-71,12
-64,-66,-65,4
-35,-83,-80,5
-65,-80,-80,2
-67,-73,-81,6
-56,-70,-79,3
-38,-81,-80,9
-68,-59,-77,11
-38,-84,-76,9
-82,-84,-71,14
-77,-80,-89,10
-72,-69,-63,16
-66,-67,-63,4
-62,-64,-79,2
-63,-70,-57,16
-57,-76,-82,3
-64,-69,-76,4
-73,-58,-78,14
-51,-77,-78,11
-63,-80,-80,2
-56,-76,-76,15
-52,-67,-86,5
-76,-80,-77,15
-67,-73,-57,16
-73,-79,-79,14
-69,-73,-83,7
-71,-71,-62,16
-69,-74,-83,13
-72,-58,-47,16
-73,-62,-80,7
-72,-71,-66,16
-73,-73,-69,14
-62,-71,-84,6
-48,-61,-61,2
-68,-95,-76,12
-86,-68,-72,12
-68,-75,-81,6
-71,-81,-76,11
-54,-76,-82,9
-58,-74,-88,1
-67,-74,-83,6
-50,-51,-79,3
-82,-90,-58,12
-69,-73,-58,16
-80,-80,-76,12
-59,-80,-86,1
-72,-83,-85,7
-70,-66,-81,4
-73,-73,-69,14
-63,-90,-80,1
-69,-71,-77,6
-78,-83,-72,12
-70,-81,-75,11
-64,-69,-77,4
-75,-86,-72,14
-70,-78,-61,16
-67,-75,-82,6
-83,-69,-72,8
-67,-73,-64,16
-52,-79,-68,5
-74,-73,-81,14
-71,-65,-72,8
-59,-89,-63,16
-72,-72,-78,15
-77,-53,-69,8
-69,-77,-79,15
-75,-74,-48,16
-71,-65,-81,4
-48,-80,-75,2
-63,-79,-75,11
-81,-70,-77,12
-57,-82,-78,14
-59,-74,-81,1
-78,-71,-75,12
-78,-70,-80,14
-65,-78,-75,2
-92,-81,-75,12
-72,-71,-85,3
-69,-61,-83,8
-67,-68,-83,8
-55,-75,-72,8
-66,-75,-77,11
-83,-55,-72,12
-52,-74,-65,6
-65,-55,-84,7
-76,-71,-71,12
-52,-73,-82,6
-58,-72,-64,1
-60,-74,-74,1
-65,-74,-85,6
-83,-82,-74,12
-72,-67,-73,8
-70,-77,-69,15
-71,-66,-80,3
-71,-70,-75,3
-51,-78,-79,5
-73,-80,-78,14
-67,-75,-82,3
-69,-82,-76,11
-75,-78,-80,10
-65,-65,-61,4
-67,-74,-81,6
-69,-82,-76,11
-58,-70,-72,3
-64,-65,-78,4
-52,-85,-88,5
-76,-92,-71,12
-44,-73,-78,1
-84,-70,-71,12
-65,-78,-78,2
-60,-76,-81,1
-64,-66,-77,4
-61,-89,-73,12
-65,-75,-81,6
-71,-73,-91,7
-54,-81,-80,11
-56,-75,-80,11
-75,-83,-61,12
-71,-77,-80,10
-78,-78,-69,10
-65,-72,-70,6
-69,-73,-72,6
-72,-76,-76,11
-85,-80,-59,12
-62,-61,-79,2
-69,-77,-74,15
-61,-67,-81,8
-49,-84,-80,9
-72,-76,-79,7
-80,-55,-71,12
-75,-83,-61,14
-67,-76,-95,3
-35,-78,-85,5
-71,-83,-80,14
-52,-77,-80,5
-67,-59,-71,6
-36,-61,-83,5
-64,-74,-80,1
-71,-75,-59,15
-71,-74,-78,13
-54,-75,-81,9
-72,-79,-57,14
-64,-66,-66,4
-72,-91,-81,14
-69,-78,-57,15
-75,-62,-87,10
-54,-66,-82,7
-65,-60,-76,11
-70,-65,-71,8
-82,-51,-71,8
-59,-68,-79,15
-55,-75,-67,9
-55,-86,-78,9
-57,-71,-65,10
-53,-71,-82,6
-64,-77,-80,15
-51,-79,-78,5
-71,-77,-80,10
-51,-78,-84,5
-88,-81,-73,12
-69,-76,-80,13
-50,-62,-78,5
-68,-73,-62,16
-71,-90,-78,13
-46,-78,-78,5
-52,-85,-79,11
-54,-78,-80,9
-75,-71,-73,12
-70,-72,-73,15
-71,-73,-88,8
-57,-81,-76,1
-63,-80,-76,2
-60,-65,-84,7
-55,-67,-90,8
-71,-70,-83,8
-50,-78,-90,5
-66,-65,-76,4
-68,-75,-79,15
-77,-84,-72,14
-72,-71,-72,14
-65,-67,-62,4
-67,-81,-77,10
-51,-66,-74,5
-69,-78,-80,15
-67,-72,-81,6
-72,-54,-96,8
-51,-79,-91,5
-68,-80,-81,10
-69,-61,-83,8
-55,-77,-82,1
-70,-83,-73,7
-54,-84,-76,9
-56,-75,-83,7
-65,-78,-61,2
-50,-67,-67,4
-66,-76,-69,15
-49,-80,-63,2
-78,-75,-83,14
-65,-74,-76,2
-69,-81,-86,7
-64,-76,-61,11
-71,-73,-77,13
-84,-72,-69,15
-69,-74,-79,13
-71,-68,-78,3
-74,-72,-84,3
-71,-78,-79,10
-72,-72,-85,7
-72,-51,-85,3
-59,-67,-75,4
-40,-78,-78,5
-76,-63,-79,10
-70,-71,-82,7
-42,-77,-62,9
-73,-70,-84,14
-66,-69,-84,8
-70,-77,-80,10
-71,-82,-78,13
-69,-70,-81,7
-52,-78,-78,5
-59,-79,-82,1
-70,-74,-82,8
-70,-71,-88,7
-41,-79,-89,5
-69,-88,-75,11
-65,-75,-65,11
-52,-77,-89,5
-51,-77,-65,5
-71,-75,-80,7
-55,-66,-88,3
-70,-72,-85,7
-67,-70,-69,3
-65,-80,-63,2
-71,-69,-81,3
-73,-72,-70,7
-55,-78,-79,9
-69,-75,-70,13
-72,-66,-80,15
-76,-72,-83,14
-67,-71,-79,6
-59,-96,-80,1
-59,-75,-82,1
-72,-69,-81,14
-71,-76,-77,11
-70,-74,-65,16
-51,-64,-78,5
-55,-83,-80,9
-54,-79,-80,9
-55,-84,-66,9
-70,-73,-77,13
-65,-74,-68,6
-56,-69,-81,8
-86,-74,-79,14
-81,-83,-72,12
-42,-80,-82,9
-76,-76,-61,12
-59,-83,-79,1
-70,-57,-81,15
-65,-78,-76,2
-65,-79,-75,2
-66,-60,-78,11
-49,-91,-76,2
-65,-75,-77,2
-53,-90,-77,9
-42,-78,-63,5
-50,-75,-75,11
-71,-70,-79,15
-77,-81,-77,12
-74,-88,-79,13
-56,-77,-80,13
-57,-80,-82,1
-74,-78,-67,14
-88,-90,-58,12
-68,-66,-75,4
-70,-73,-77,13
-53,-82,-81,9
-64,-88,-80,1
-72,-80,-58,14
-72,-66,-79,3
-55,-60,-88,8
-71,-73,-88,3
-55,-71,-83,7
-64,-81,-88,1
-70,-72,-82,7
-71,-79,-81,7
-71,-63,-73,10
-55,-75,-78,9
-51,-84,-68,5
-65,-72,-85,6
-56,-60,-79,3
-83,-56,-70,14
-82,-81,-62,12
-55,-77,-75,9
-77,-74,-90,8
-70,-70,-79,3
-68,-72,-64,16
-65,-77,-81,6
-50,-77,-77,4
-52,-75,-86,5
-66,-60,-76,2
-77,-81,-80,10
-77,-79,-73,14
-70,-79,-82,13
